﻿[
    {
        "Professor": 1,
        "Course": 1,
        "Duration": 2,
        "StudentsGroups": [ 1, 2 ],
        "RequireComputers": false
    },
    {
        "Professor": 1,
        "Course": 1,
        "Duration": 2,
        "StudentsGroups": [ 3, 4 ],
        "RequireComputers": false
    },
    {
        "Professor": 9,
        "Course": 1,
        "Duration": 3,
        "StudentsGroups": [ 1 ],
        "RequireComputers": true
    },
    {
        "Professor": 9,
        "Course": 1,
        "Duration": 3,
        "StudentsGroups": [ 2 ],
        "RequireComputers": true
    },
    {
        "Professor": 9,
        "Course": 1,
        "Duration": 3,
        "StudentsGroups": [ 3 ],
        "RequireComputers": true
    },
    {
        "Professor": 9,
        "Course": 1,
        "Duration": 3,
        "StudentsGroups": [ 4 ],
        "RequireComputers": true
    },
    {
        "Professor": 2,
        "Course": 2,
        "Duration": 2,
        "StudentsGroups": [ 1, 2 ],
        "RequireComputers": false
    },
    {
        "Professor": 2,
        "Course": 2,
        "Duration": 2,
        "StudentsGroups": [ 3, 4 ],
        "RequireComputers": false
    },
    {
        "Professor": 3,
        "Course": 2,
        "Duration": 2,
        "StudentsGroups": [ 1 ],
        "RequireComputers": true
    },
    {
        "Professor": 3,
        "Course": 2,
        "Duration": 2,
        "StudentsGroups": [ 2 ],
        "RequireComputers": true
    },
    {
        "Professor": 3,
        "Course": 2,
        "Duration": 2,
        "StudentsGroups": [ 3 ],
        "RequireComputers": true
    },
    {
        "Professor": 3,
        "Course": 2,
        "Duration": 2,
        "StudentsGroups": [ 4 ],
        "RequireComputers": true
    },
    {
        "Professor": 4,
        "Course": 4,
        "Duration": 2,
        "StudentsGroups": [ 1, 2 ],
        "RequireComputers": true
    },
    {
        "Professor": 4,
        "Course": 4,
        "Duration": 2,
        "StudentsGroups": [ 3, 4 ],
        "RequireComputers": true
    },
    {
        "Professor": 1,
        "Course": 1,
        "Duration": 3,
        "StudentsGroups": [ 1, 2 ],
        "RequireComputers": false
    },
    {
        "Professor": 5,
        "Course": 6,
        "Duration": 2,
        "StudentsGroups": [ 1, 2, 3 ],
        "RequireComputers": false
    },
    {
        "Professor": 7,
        "Course": 5,
        "Duration": 2,
        "StudentsGroups": [ 1, 2, 3 ],
        "RequireComputers": false
    },
    {
        "Professor": 7,
        "Course": 5,
        "Duration": 2,
        "StudentsGroups": [ 1, 2 ],
        "RequireComputers": false
    },
    {
        "Professor": 10,
        "Course": 5,
        "Duration": 2,
        "StudentsGroups": [ 3 ],
        "RequireComputers": false
    },
    {
        "Professor": 8,
        "Course": 3,
        "Duration": 2,
        "StudentsGroups": [ 2 ],
        "RequireComputers": false
    },
    {
        "Professor": 8,
        "Course": 3,
        "Duration": 2,
        "StudentsGroups": [ 3 ],
        "RequireComputers": false
    },
    {
        "Professor": 12,
        "Course": 3,
        "Duration": 2,
        "StudentsGroups": [ 1 ],
        "RequireComputers": false
    },
    {
        "Professor": 12,
        "Course": 3,
        "Duration": 2,
        "StudentsGroups": [ 4 ],
        "RequireComputers": false
    },
    {
        "Professor": 11,
        "Course": 7,
        "Duration": 2,
        "StudentsGroups": [ 4 ],
        "RequireComputers": false
    },
    {
        "Professor": 13,
        "Course": 8,
        "Duration": 2,
        "StudentsGroups": [ 4 ],
        "RequireComputers": false
    }
]