﻿[
    {
        "Id": 1,
        "Name": "Introduction to Programming"
    },
    {
        "Id": 2,
        "Name": "Introduction to Computer Architecture"
    },
    {
        "Id": 3,
        "Name": "Business Applications"
    },
    {
        "Id": 4,
        "Name": "English"
    },
    {
        "Id": 5,
        "Name": "Discrete Mathematic I"
    },
    {
        "Id": 6,
        "Name": "Linear Algebra"
    },
    {
        "Id": 7,
        "Name": "Introduction to Information Technology I"
    },
    {
        "Id": 8,
        "Name": "System Administration and Maintenance I"
    }
]