﻿[
    {
        "Id": 1,
        "Name": "Victor"
    },
    {
        "Id": 2,
        "Name": "Red"
    },
    {
        "Id": 3,
        "Name": "Philip"
    },
    {
        "Id": 4,
        "Name": "Marry"
    },
    {
        "Id": 5,
        "Name": "Don"
    },
    {
        "Id": 6,
        "Name": "Mark"
    },
    {
        "Id": 7,
        "Name": "Peter"
    },
    {
        "Id": 8,
        "Name": "John"
    },
    {
        "Id": 9,
        "Name": "Ben"
    },
    {
        "Id": 10,
        "Name": "Mike"
    },
    {
        "Id": 11,
        "Name": "Steve"
    },
    {
        "Id": 12,
        "Name": "Ann"
    },
    {
        "Id": 13,
        "Name": "Alex"
    }
]
